City_ID,City,Country,Lat,Lng,Max Temp,Humidity,Cloudiness,Wind Speed,Current Description
0,Bilibino,RU,68.0546,166.4372,47.43,60,10,5.23,clear sky
1,Souillac,MU,-20.5167,57.5167,68.38,77,40,6.91,scattered clouds
2,Barrow,US,71.2906,-156.7887,39.22,87,100,3.44,overcast clouds
3,Geraldton,AU,-28.7667,114.6,45.01,93,22,11.5,few clouds
4,Ushuaia,AR,-54.8,-68.3,35.26,75,20,8.05,few clouds
5,Rikitea,PF,-23.1203,-134.9692,75.0,80,24,15.14,few clouds
6,Hermanus,ZA,-34.4187,19.2345,52.81,79,0,12.88,clear sky
7,Busselton,AU,-33.65,115.3333,57.13,74,100,14.05,overcast clouds
8,Shache,CN,38.4167,77.2406,92.71,12,81,8.97,broken clouds
9,Chuy,UY,-33.6971,-53.4616,64.83,90,21,3.6,few clouds
10,Khandbari,NP,27.3747,87.2039,72.37,88,100,0.13,overcast clouds
11,Denpasar,ID,-8.65,115.2167,76.71,65,20,10.36,few clouds
12,Sangolqui,EC,-0.3341,-78.4522,59.49,73,96,0.96,light rain
13,Port Alfred,ZA,-33.5906,26.891,60.19,57,77,9.78,broken clouds
14,Puerto Ayora,EC,-0.7393,-90.3518,78.76,87,53,7.0,broken clouds
15,Evanston,US,42.0411,-87.6901,85.17,75,100,11.5,overcast clouds
16,Hamilton,US,39.1834,-84.5333,92.25,62,0,14.97,clear sky
17,Hobart,AU,-42.8794,147.3294,45.05,95,40,4.61,mist
18,Vaini,TO,-21.2,-175.2,71.76,78,20,6.91,few clouds
19,Butaritari,KI,3.0707,172.7902,82.4,68,3,22.46,clear sky
20,Cockburn Town,TC,21.4612,-71.1419,82.36,74,40,12.66,scattered clouds
21,Mahebourg,MU,-20.4081,57.7,68.29,77,40,6.91,scattered clouds
22,Mount Isa,AU,-20.7333,139.5,47.97,81,0,1.14,light rain
23,Thompson,CA,55.7435,-97.8558,69.96,40,75,9.22,broken clouds
24,Qaanaaq,GL,77.484,-69.3632,38.79,94,100,1.57,overcast clouds
25,Cape Town,ZA,-33.9258,18.4232,56.91,73,0,14.0,clear sky
26,Sechura,PE,-5.5569,-80.8222,77.74,58,17,13.06,few clouds
27,Kaitangata,NZ,-46.2817,169.8464,35.02,93,42,1.79,scattered clouds
28,Airai,TL,-8.9266,125.4092,53.46,76,37,1.99,scattered clouds
29,Novoagansk,RU,61.9449,76.6625,47.84,94,100,5.86,overcast clouds
30,Versalles,FR,48.8,2.1333,89.01,41,0,6.91,clear sky
31,Upernavik,GL,72.7868,-56.1549,41.38,96,100,6.06,overcast clouds
32,Sulangan,PH,11.1373,123.7228,83.57,73,98,6.26,overcast clouds
33,Mount Gambier,AU,-37.8333,140.7667,52.7,96,100,9.73,light rain
34,Poum,NC,-20.2333,164.0167,73.92,68,0,11.34,clear sky
35,Half Moon Bay,US,37.4636,-122.4286,83.91,69,100,9.22,mist
36,Poso,ID,-1.3959,120.7524,75.2,83,27,5.97,scattered clouds
37,Jamestown,US,42.097,-79.2353,86.05,66,75,17.27,broken clouds
38,Porbandar,IN,21.6422,69.6093,81.1,85,99,18.39,overcast clouds
39,Tessalit,ML,20.1986,1.0114,89.47,33,85,17.36,overcast clouds
40,Khatanga,RU,71.9667,102.5,67.84,57,99,14.0,overcast clouds
41,Albany,US,42.6001,-73.9662,98.17,39,33,1.01,scattered clouds
42,Kapaa,US,22.0752,-159.319,82.72,68,20,14.97,few clouds
43,Mitsamiouli,KM,-11.3847,43.2844,76.03,72,10,7.52,light rain
44,Pangody,RU,65.85,74.4859,48.18,90,99,17.05,overcast clouds
45,Yellowknife,CA,62.456,-114.3525,64.92,72,100,10.36,overcast clouds
46,Wagar,SD,16.1525,36.2032,79.79,66,100,19.24,overcast clouds
47,Kahului,US,20.8947,-156.47,84.22,58,20,17.27,few clouds
48,Kholodnyy,RU,62.7167,147.95,53.56,91,17,0.83,few clouds
49,Salalah,OM,17.0151,54.0924,77.09,94,75,6.91,broken clouds
50,Mataura,NZ,-46.1927,168.8643,33.15,96,43,2.62,scattered clouds
51,Khipro,PK,25.8285,69.3772,81.09,86,94,10.07,overcast clouds
52,Torbay,CA,47.6666,-52.7314,86.88,45,40,12.66,scattered clouds
53,Qaqortoq,GL,60.7167,-46.0333,49.89,69,94,3.22,overcast clouds
54,Arraial Do Cabo,BR,-22.9661,-42.0278,76.96,73,0,17.27,clear sky
55,Basco,PH,20.4487,121.9702,84.79,71,17,6.04,few clouds
56,Dothan,US,31.2232,-85.3905,93.09,59,20,5.75,few clouds
57,Avarua,CK,-21.2078,-159.775,71.65,46,20,2.3,few clouds
58,Nunchia,CO,5.6406,-72.1986,76.95,89,94,3.13,overcast clouds
59,Bluff,NZ,-46.6,168.3333,43.72,83,100,5.95,overcast clouds
60,Avera,US,33.194,-82.5271,94.51,40,26,3.47,scattered clouds
61,Punta Arenas,CL,-53.15,-70.9167,39.31,65,20,18.41,few clouds
62,High Level,CA,58.5169,-117.136,69.91,52,40,9.22,haze
63,Sorland,NO,67.667,12.6934,53.46,79,98,18.19,overcast clouds
64,Ishigaki,JP,24.3448,124.1572,80.73,94,20,2.3,few clouds
65,Narsaq,GL,60.9167,-46.05,62.82,60,74,4.59,broken clouds
66,Coos Bay,US,43.3665,-124.2179,79.32,85,0,23.02,clear sky
67,Ostrovnoy,RU,68.0531,39.5131,50.27,87,85,12.71,overcast clouds
68,East London,ZA,-33.0153,27.9116,60.28,55,32,11.9,scattered clouds
69,Provideniya,RU,64.3833,-173.3,44.08,83,99,5.64,overcast clouds
70,Ilulissat,GL,69.2167,-51.1,40.64,88,100,3.51,overcast clouds
71,Atuona,PF,-9.8,-139.0333,77.05,65,65,19.06,broken clouds
72,Cidreira,BR,-30.1811,-50.2056,66.22,87,96,6.08,overcast clouds
73,Faya,SA,18.3851,42.4509,64.92,58,55,7.43,broken clouds
74,Kirakira,SB,-10.4544,161.9205,77.59,83,19,6.69,few clouds
75,Bontang,ID,0.1333,117.5,75.79,91,100,7.23,overcast clouds
76,Jamame,SO,0.0722,42.7506,74.64,83,64,14.16,broken clouds
77,Flinders,AU,-34.5833,150.8552,49.24,91,1,5.99,clear sky
78,Port Elizabeth,ZA,-33.918,25.5701,54.32,99,75,4.61,light rain
79,Druzhba,UA,52.0428,33.9453,65.28,89,100,7.38,light rain
80,Yumen,CN,40.2833,97.2,77.07,28,5,11.63,clear sky
81,Beni,CD,0.5,29.4667,65.14,94,97,2.06,moderate rain
82,Puerto Baquerizo Moreno,EC,-0.9,-89.6,76.19,69,40,9.22,scattered clouds
83,Vilhena,BR,-12.7406,-60.1458,88.02,27,20,6.91,few clouds
84,Quatre Cocos,MU,-20.2078,57.7625,68.11,73,5,10.16,clear sky
85,Hithadhoo,MV,-0.6,73.0833,82.11,73,100,6.62,overcast clouds
86,Saint-Georges,GD,12.0564,-61.7485,87.48,66,20,20.71,few clouds
87,Tuktoyaktuk,CA,69.4541,-133.0374,46.4,87,75,4.61,broken clouds
88,Mala,PE,-12.6581,-76.6308,66.88,70,20,7.36,few clouds
89,Bredasdorp,ZA,-34.5322,20.0403,49.24,86,0,7.34,clear sky
90,San Patricio,US,28.017,-97.5169,99.16,42,0,20.11,clear sky
91,Auki,SB,-8.7676,160.7034,76.55,88,12,4.03,few clouds
92,Saldanha,ZA,-33.0117,17.9442,48.25,72,0,9.64,clear sky
93,Lata,PT,40.1629,-8.3327,73.08,46,1,5.64,clear sky
94,Beringovskiy,RU,63.05,179.3167,44.78,79,100,11.43,overcast clouds
95,Queenstown,ZA,-31.8976,26.8753,45.61,70,100,2.35,overcast clouds
96,Cherskiy,RU,68.75,161.3,52.38,48,100,5.48,overcast clouds
97,Castro,BR,-24.7911,-50.0119,74.14,46,93,3.69,overcast clouds
98,New Norfolk,AU,-42.7826,147.0587,44.71,88,100,2.44,overcast clouds
99,Eureka,US,40.8021,-124.1637,91.67,75,27,7.0,scattered clouds
100,Raudeberg,NO,61.9875,5.1352,59.67,86,100,9.28,light rain
101,Kavieng,PG,-2.5744,150.7967,82.11,77,63,10.87,broken clouds
102,Grand-Santi,GF,4.25,-54.3833,85.91,65,100,1.95,overcast clouds
103,Cabo San Lucas,MX,22.8909,-109.9124,91.62,76,20,10.36,few clouds
104,Hasaki,JP,35.7333,140.8333,75.6,86,50,13.27,scattered clouds
105,Carnarvon,AU,-24.8667,113.6333,58.68,50,0,16.28,clear sky
106,Lavrentiya,RU,65.5833,-171.0,41.22,94,100,9.84,moderate rain
107,Saint-Louis,SN,16.3333,-15.0,91.71,47,100,5.23,overcast clouds
108,Dhidhdhoo,MV,6.8833,73.1,81.36,77,100,12.93,overcast clouds
109,Mar Del Plata,AR,-38.0023,-57.5575,53.1,98,100,10.36,fog
110,Namibe,AO,-15.1961,12.1522,64.02,87,81,3.2,broken clouds
111,Manica,FR,49.0,-1.1667,71.69,50,100,6.91,overcast clouds
112,Tiksi,RU,71.6872,128.8694,45.01,79,8,3.89,clear sky
113,Saint-Paul,RE,-21.0096,55.2707,68.36,80,51,0.74,light rain
114,Port Lincoln,AU,-34.7333,135.8667,55.83,85,97,22.35,overcast clouds
115,Caravelas,BR,-17.7125,-39.2481,75.2,62,82,7.47,broken clouds
116,Nome,US,64.5011,-165.4064,49.15,87,100,0.0,overcast clouds
117,Bambous Virieux,MU,-20.3428,57.7575,68.25,77,40,6.91,scattered clouds
118,Inongo,CD,-1.95,18.2667,70.27,86,99,2.57,overcast clouds
119,Lebu,CL,-37.6167,-73.65,49.06,95,100,5.7,light rain
120,Valparaiso,CL,-33.0393,-71.6273,55.04,99,100,6.91,fog
121,Alekseyevsk,RU,57.8406,108.3492,59.52,98,98,3.13,overcast clouds
122,Sur,OM,22.5667,59.5289,91.4,62,92,4.81,overcast clouds
123,Labytnangi,RU,66.6572,66.4183,51.08,79,90,12.03,overcast clouds
124,Alice,US,27.7523,-98.0697,100.29,37,20,17.27,few clouds
125,Leningradskiy,RU,69.3833,178.4167,34.48,93,100,3.74,overcast clouds
126,Bethel,US,41.3712,-73.414,95.04,49,0,13.8,clear sky
127,Victoria,HK,22.2855,114.1577,88.18,84,3,8.01,clear sky
128,Maniitsoq,GL,65.4167,-52.9,44.85,90,100,14.16,overcast clouds
129,San Andres,CO,12.5847,-81.7006,87.82,70,40,14.97,scattered clouds
130,Dunedin,NZ,-45.8742,170.5036,44.8,81,100,2.06,overcast clouds
131,Monte Carmelo,BR,-18.7247,-47.4986,80.71,31,0,7.36,clear sky
132,Belaya Gora,RU,68.5333,146.4167,59.47,45,75,5.32,broken clouds
133,Sukumo,JP,32.9333,132.7333,74.39,95,99,2.98,overcast clouds
134,Tommot,RU,58.9564,126.2925,67.19,92,10,2.04,clear sky
135,Brae,GB,60.3964,-1.353,54.14,88,100,10.27,overcast clouds
136,Labuhan,ID,-6.8844,112.2051,73.04,80,87,8.77,overcast clouds
137,Shakawe,BW,-18.3667,21.85,64.6,31,0,4.92,clear sky
138,Bereda,ES,43.2686,-7.5406,75.42,74,0,5.55,clear sky
139,Sisimiut,GL,66.9395,-53.6735,49.05,74,89,11.97,overcast clouds
140,Chapais,CA,49.7834,-74.8492,74.98,60,100,15.48,overcast clouds
141,Codrington,AU,-38.2667,141.9667,57.47,69,100,12.64,overcast clouds
142,Dauphin,CA,51.1494,-100.0502,69.94,49,40,4.61,scattered clouds
143,Zhigansk,RU,66.7697,123.3711,53.42,88,5,9.84,clear sky
144,Nerchinskiy Zavod,RU,51.3088,119.61,58.39,93,11,2.35,few clouds
145,Ponta Delgada,PT,37.7333,-25.6667,74.12,88,20,10.36,few clouds
146,Namatanai,PG,-3.6667,152.4333,78.64,85,18,6.91,few clouds
147,Diego De Almagro,CL,-26.3667,-70.05,70.86,27,0,7.76,clear sky
148,Acarau,BR,-2.8856,-40.12,84.83,64,66,18.84,broken clouds
149,Gizo,SB,-8.103,156.8419,81.52,77,80,6.44,light rain
150,Salto,UY,-31.3833,-57.9667,74.44,73,27,8.52,scattered clouds
151,Devils Lake,US,48.1128,-98.8651,66.94,64,100,14.97,overcast clouds
152,Saint-Joseph,RE,-21.3667,55.6167,65.21,79,23,10.29,few clouds
153,Nikolskoye,RU,59.7035,30.7861,64.29,92,100,3.85,overcast clouds
154,Ribeira Grande,PT,38.5167,-28.7,75.6,88,75,9.22,broken clouds
155,Awjilah,LY,29.1081,21.2869,89.13,21,0,10.38,clear sky
156,Kodiak,US,57.79,-152.4072,54.91,88,100,16.11,light rain
157,Kharp,RU,66.8014,65.8081,49.87,87,100,9.08,overcast clouds
158,Severo-Kurilsk,RU,50.6789,156.125,51.75,98,100,13.47,light rain
159,Pentecoste,BR,-3.7928,-39.2703,87.66,48,97,11.1,overcast clouds
160,Glasgow,GB,55.8652,-4.2576,64.2,89,75,12.66,broken clouds
161,Whitehaven,GB,54.549,-3.5841,61.66,93,93,11.99,overcast clouds
162,Charters Towers,AU,-20.1,146.2667,56.37,93,0,6.8,clear sky
163,Clyde River,CA,70.4692,-68.5914,41.23,100,100,17.27,mist
164,Norman Wells,CA,65.282,-126.8329,69.84,43,40,10.36,scattered clouds
165,Kushiro,JP,42.975,144.3747,63.25,93,100,3.67,overcast clouds
166,Sakaiminato,JP,35.55,133.2333,76.98,88,75,4.61,broken clouds
167,Tuatapere,NZ,-46.1333,167.6833,42.3,95,100,2.48,overcast clouds
168,Mahibadhoo,MV,3.7833,72.9667,82.26,73,82,11.07,broken clouds
169,Dunn,US,44.95,-91.8835,77.04,63,8,15.05,clear sky
170,Dikson,RU,73.5069,80.5464,46.08,85,100,17.94,overcast clouds
171,Kavaratti,IN,10.5669,72.642,80.82,79,100,13.22,overcast clouds
172,Kattivakkam,IN,13.2167,80.3167,84.07,86,100,6.64,overcast clouds
173,Dom Pedrito,BR,-30.9828,-54.6731,70.72,88,100,4.92,moderate rain
174,Mogadishu,SO,2.0371,45.3438,75.87,83,65,18.37,broken clouds
175,Hilo,US,19.7297,-155.09,81.28,67,40,1.99,scattered clouds
176,Husavik,IS,66.0449,-17.3389,48.81,82,100,6.17,overcast clouds
177,Desenzano Del Garda,IT,45.468,10.534,92.32,35,28,2.3,scattered clouds
178,Vestmannaeyjar,IS,63.4427,-20.2734,53.33,85,84,13.94,broken clouds
179,El Doncello,CO,1.6782,-75.2847,83.71,63,99,3.85,overcast clouds
180,Vaitape,PF,-16.5167,-151.75,78.55,76,2,11.97,light rain
181,Saskylakh,RU,71.9167,114.0833,59.81,78,88,5.86,overcast clouds
182,Deputatskiy,RU,69.3,139.9,52.97,76,100,2.37,overcast clouds
183,Caico,BR,-6.4583,-37.0978,84.63,46,100,22.15,overcast clouds
184,Kungurtug,RU,50.5994,97.5228,46.38,91,5,2.93,clear sky
185,Xining,CN,36.6167,101.7667,55.38,71,0,2.75,clear sky
186,Aykhal,RU,66.0,111.5,63.43,88,100,6.11,overcast clouds
187,Ugoofaaru,MV,5.6667,73.0,81.54,75,65,11.92,broken clouds
188,Santa Cruz,BO,-17.8,-63.1667,89.06,45,75,21.85,broken clouds
189,Chokurdakh,RU,70.6333,147.9167,55.2,57,97,5.82,overcast clouds
190,Ossora,RU,59.2353,163.0719,52.16,77,7,1.7,clear sky
191,Longyearbyen,SJ,78.2186,15.6401,48.04,81,75,13.8,broken clouds
192,Richards Bay,ZA,-28.783,32.0377,63.54,54,5,18.3,clear sky
193,Port Hardy,CA,50.6996,-127.4199,60.98,82,75,6.91,broken clouds
194,Sao Filipe,CV,14.8961,-24.4956,78.98,80,100,1.61,light rain
195,Gambiran,ID,-6.7988,111.4951,70.0,81,60,5.79,broken clouds
196,Aklavik,CA,68.2191,-135.0107,50.0,81,100,0.0,overcast clouds
197,Palmer,US,42.1584,-72.3287,95.92,40,75,16.11,broken clouds
198,Faanui,PF,-16.4833,-151.75,78.51,76,2,12.01,light rain
199,Sitka,US,57.0531,-135.33,57.09,88,100,8.05,mist
200,Smithers,CA,54.7804,-127.1743,57.52,88,100,3.44,light rain
201,Perth,AU,-31.9333,115.8333,56.17,85,0,9.22,clear sky
202,Adrar,MR,20.5022,-10.0711,104.67,6,4,9.89,clear sky
203,Tarancon,ES,40.0085,-3.0073,96.22,13,10,15.05,clear sky
204,Coahuayana,MX,18.7333,-103.6833,92.3,46,50,5.93,scattered clouds
205,Conakry,GN,9.538,-13.6773,78.87,83,75,6.91,broken clouds
206,Neuquen,AR,-38.9516,-68.0591,46.29,87,75,8.05,light rain
207,Honningsvag,NO,70.9821,25.9704,49.75,81,100,12.66,overcast clouds
208,Cochrane,CA,51.1834,-114.4687,79.9,41,0,6.91,clear sky
209,Kununurra,AU,-15.7667,128.7333,49.98,81,41,3.44,scattered clouds
210,Luganville,VU,-15.5333,167.1667,76.17,89,37,1.12,scattered clouds
211,Kargopol,RU,61.5071,38.9456,61.23,97,100,3.42,overcast clouds
212,Ketchikan,US,55.3422,-131.6461,57.67,100,100,13.8,moderate rain
213,Moi,NO,58.4567,6.5518,60.39,97,100,6.11,overcast clouds
214,Wattegama,LK,6.7989,81.4808,78.12,78,100,2.13,overcast clouds
215,Paredon,MX,16.0333,-93.8667,85.53,69,65,5.03,broken clouds
216,Ampanihy,MG,-24.7,44.75,63.34,86,0,4.03,clear sky
217,Ntcheu,MW,-14.8203,34.6359,62.74,57,83,3.58,broken clouds
218,Makakilo City,US,21.3469,-158.0858,80.92,62,75,14.97,broken clouds
219,Gat,IL,31.61,34.7642,81.28,100,0,2.26,clear sky
220,Mattru,SL,7.6244,-11.8332,72.21,97,100,3.44,light rain
221,Little Baguio,PH,7.8939,125.2764,66.07,97,100,0.65,overcast clouds
222,Karpathos,GR,35.507,27.2132,76.96,69,0,21.85,clear sky
223,Peniche,PT,39.3558,-9.3811,75.29,78,3,13.69,clear sky
224,Pisco,PE,-13.7,-76.2167,62.65,82,2,10.36,mist
225,Chipinge,ZW,-20.1883,32.6236,56.91,48,0,3.76,clear sky
226,Mondlo,ZA,-27.983,30.7177,42.17,78,0,2.33,clear sky
227,Saurimo,AO,-9.6608,20.3916,72.64,27,60,2.62,broken clouds
228,Klaksvik,FO,62.2266,-6.589,52.72,94,100,27.13,light rain
229,Ponta Do Sol,PT,32.6667,-17.1,85.12,39,2,2.21,clear sky
230,Bonavista,CA,48.6499,-53.1147,67.08,81,92,11.83,light rain
231,Saint-Philippe,RE,-21.3585,55.7679,66.22,79,43,10.76,scattered clouds
232,Coihaique,CL,-45.5752,-72.0662,36.21,75,100,4.61,overcast clouds
233,Trujillo,PE,-8.116,-79.03,60.76,88,100,10.36,fog
234,Am Timan,TD,11.0297,20.2827,80.29,71,89,1.43,light rain
235,Kisanga,TZ,-7.4362,37.7034,73.17,69,45,7.47,scattered clouds
236,Riverton,US,40.5219,-111.9391,89.28,34,0,17.27,clear sky
237,Pochutla,MX,15.7432,-96.4661,87.82,57,100,5.14,overcast clouds
238,Gold Coast,AU,-28.0,153.4333,57.27,92,40,8.05,scattered clouds
239,Burnie,AU,-41.0667,145.9167,51.94,90,99,9.66,overcast clouds
240,Berlevag,NO,70.8578,29.0864,51.75,71,0,13.8,clear sky
241,Charagua,BO,-19.8,-63.2167,89.17,30,0,11.12,clear sky
242,Puerto Montt,CL,-41.4698,-72.9447,50.83,81,75,6.91,broken clouds
243,Gravdal,NO,68.1214,13.5031,53.62,76,59,15.08,broken clouds
244,Rocha,UY,-34.4833,-54.3333,65.44,88,100,3.94,overcast clouds
245,Kloulklubed,PW,7.0419,134.2556,82.9,72,100,6.62,overcast clouds
246,Yangambi,CD,0.8102,24.4336,76.98,75,91,2.28,overcast clouds
247,Zilair,RU,52.2332,57.4392,65.77,63,100,4.25,overcast clouds
248,Sayaxche,GT,16.5167,-90.1667,90.18,50,83,1.92,broken clouds
249,Haines Junction,CA,60.7522,-137.5108,49.95,93,100,0.0,overcast clouds
250,Herat,AF,34.5,62.0,87.87,19,0,33.04,clear sky
251,Dhangadhi,NP,28.7079,80.5961,81.12,78,23,4.45,moderate rain
252,Saint George,US,37.1041,-113.5841,98.64,30,0,4.0,clear sky
253,Kamiichi,JP,36.7,137.3667,76.77,83,86,3.98,overcast clouds
254,Bushehr,IR,28.9684,50.8385,91.49,49,0,6.91,clear sky
255,Matara,LK,5.9485,80.5353,77.99,86,100,11.95,overcast clouds
256,Petropavlovsk-Kamchatskiy,RU,53.0452,158.6483,50.59,100,100,6.71,light intensity shower rain
257,Margaritas,MX,20.4538,-102.4739,85.37,38,57,2.51,broken clouds
258,Livingston,GB,55.9029,-3.5226,62.96,89,75,8.05,light rain
259,Martaban,MM,16.5314,97.6111,78.12,87,99,1.43,overcast clouds
260,Chara,RU,56.9064,118.2631,64.13,76,6,2.91,clear sky
261,Karakol,KG,42.4907,78.3936,60.93,73,40,3.69,scattered clouds
262,Mahina,PF,-17.5065,-149.489,80.37,74,40,9.22,light rain
263,Hualmay,PE,-11.0964,-77.6139,68.11,68,8,12.15,clear sky
264,Sovetskiy,RU,61.3614,63.5842,57.87,93,71,1.86,broken clouds
265,Jardim,BR,-21.4803,-56.1381,93.83,19,15,6.67,few clouds
266,Belmonte,BR,-15.8631,-38.8828,75.83,63,9,8.01,clear sky
267,Xai-Xai,MZ,-25.0519,33.6442,67.14,74,100,20.36,overcast clouds
268,La Ronge,CA,55.1001,-105.2842,70.05,43,75,8.05,broken clouds
269,Mlonggo,ID,-6.5333,110.7,74.08,77,88,8.79,overcast clouds
270,Alta Floresta,BR,-9.8756,-56.0861,96.62,20,20,4.61,few clouds
271,Kruisfontein,ZA,-34.0033,24.7314,51.89,87,9,6.06,clear sky
272,Leon,MX,21.1167,-101.6667,80.15,50,37,3.89,scattered clouds
273,Rossland,CA,49.0831,-117.8022,82.62,27,6,1.99,clear sky
274,Sorong,ID,-0.8833,131.25,78.12,87,85,4.72,overcast clouds
275,Omsukchan,RU,62.5333,155.8,49.71,58,76,4.45,broken clouds
276,Esmeraldas,BR,-19.7625,-44.3139,77.11,28,0,7.47,clear sky
277,Hovd,MN,48.0056,91.6419,62.55,30,0,8.63,clear sky
278,Adelaide,AU,-34.9333,138.6,57.85,85,75,9.22,broken clouds
279,Vao,NC,-22.6667,167.4833,72.21,74,100,13.65,overcast clouds
280,Suhbaatar,MN,50.2314,106.2078,57.6,90,100,2.98,light rain
281,Utraula,IN,27.3167,82.4167,81.91,73,39,16.26,scattered clouds
282,Azangaro,PE,-14.9167,-70.2167,62.62,17,84,3.4,broken clouds
283,Boende,CD,-0.2167,20.8667,79.43,67,97,1.95,overcast clouds
284,Fontenay-Le-Comte,FR,46.5833,-1.0,79.25,34,6,12.62,clear sky
285,Yulara,AU,-25.2406,130.9889,51.76,72,0,9.19,clear sky
286,Shingu,JP,33.7333,135.9833,73.24,85,100,3.74,overcast clouds
287,Ancud,CL,-41.8697,-73.8203,48.22,91,100,4.65,overcast clouds
288,Te Anau,NZ,-45.4167,167.7167,38.16,95,92,1.45,overcast clouds
289,Canyon Lake,US,29.8752,-98.2625,100.18,42,23,4.0,few clouds
290,Rondonopolis,BR,-16.4708,-54.6356,95.74,18,5,4.65,clear sky
291,Grindavik,IS,63.8424,-22.4338,53.55,82,75,9.22,broken clouds
292,Maumere,ID,-8.6199,122.2111,74.3,72,40,6.38,scattered clouds
293,Karratha,AU,-20.7377,116.8463,65.23,46,0,13.06,clear sky
294,Manokwari,ID,-0.8667,134.0833,77.18,79,61,2.98,broken clouds
295,Georgetown,MY,5.4112,100.3354,78.73,97,40,3.44,scattered clouds
296,Hervey Bay,AU,-25.2986,152.8535,61.12,78,4,9.95,clear sky
297,Perepravnaya,RU,44.3366,40.7849,58.42,89,5,6.06,clear sky
298,Yuanping,CN,38.7153,112.7575,69.39,65,100,2.82,overcast clouds
299,Vredendal,ZA,-31.6683,18.5012,56.03,35,0,9.89,clear sky
300,Bo Rai,TH,12.5728,102.5371,79.77,94,99,1.07,overcast clouds
301,Manggar,ID,-2.8833,108.2667,79.65,85,94,11.68,overcast clouds
302,Nanortalik,GL,60.1432,-45.2371,47.84,78,100,5.77,overcast clouds
303,Mabaruma,GY,8.2,-59.7833,80.17,89,66,5.3,broken clouds
304,Grand Gaube,MU,-20.0064,57.6608,68.4,74,0,3.0,clear sky
305,Buraydah,SA,26.326,43.975,100.85,10,98,5.77,overcast clouds
306,Neustadt,DE,49.7117,12.0872,77.7,50,0,0.0,clear sky
307,Zelenoborsk,RU,61.4669,64.0333,56.01,86,72,0.94,broken clouds
308,Turukhansk,RU,65.8167,87.9833,52.93,88,100,14.58,overcast clouds
309,Macamic,CA,48.7502,-78.9996,72.68,80,7,8.59,clear sky
310,Payo,ID,-3.7508,103.6372,72.03,99,100,2.19,light rain
311,Santiago Del Estero,AR,-27.7951,-64.2615,83.93,42,0,5.48,clear sky
312,Bam,IR,29.106,58.357,96.55,20,96,8.23,overcast clouds
313,Yangjiang,CN,21.85,111.9667,81.34,87,2,3.22,clear sky
314,Antibes,FR,43.5624,7.1278,83.68,69,0,2.3,clear sky
315,Jiazi,CN,22.8779,116.067,83.46,87,34,7.94,scattered clouds
316,Lubango,AO,-14.9172,13.4925,60.53,41,2,4.18,clear sky
317,Banjar,ID,-8.19,114.9675,69.3,85,31,6.15,scattered clouds
318,Champerico,GT,14.3,-91.9167,90.14,74,99,3.89,overcast clouds
319,Alikalia,SL,9.1667,-11.4,69.73,99,100,2.98,moderate rain
320,Sabzevar,IR,36.2126,57.6819,87.08,27,0,11.5,clear sky
321,Urumqi,CN,43.801,87.6005,67.15,73,20,11.18,few clouds
322,Kenai,US,60.5544,-151.2583,62.69,68,100,11.5,overcast clouds
323,Ucluelet,CA,48.9329,-125.5528,61.11,91,98,1.99,overcast clouds
324,Lima,PE,-12.0432,-77.0282,61.05,77,100,17.27,overcast clouds
325,Desbiens,CA,48.4178,-71.9495,79.45,61,100,8.77,overcast clouds
326,Oriximina,BR,-1.7656,-55.8661,89.76,45,91,5.97,overcast clouds
327,Itoman,JP,26.1247,127.6694,84.22,89,100,3.44,overcast clouds
328,Esperance,AU,-33.8667,121.9,52.29,69,100,12.35,overcast clouds
329,Pajusti,EE,59.2807,26.4119,58.95,97,9,4.0,clear sky
330,Acapulco,MX,16.8634,-99.8901,87.62,66,40,5.75,scattered clouds
331,Dire,ML,12.2833,-10.9667,77.2,88,100,0.74,light rain
332,Saint-Francois,FR,46.4154,3.9054,85.44,42,0,4.61,clear sky
333,Pangnirtung,CA,66.1451,-65.7125,44.6,93,75,10.36,fog
334,Frankfort,ZA,-27.2667,28.4833,44.53,29,0,3.96,clear sky
335,Waipawa,NZ,-41.4122,175.5153,45.09,87,100,10.78,overcast clouds
336,Maihar,IN,24.2667,80.75,78.53,87,100,8.34,heavy intensity rain
337,Zadar,HR,44.1197,15.2422,84.81,42,0,2.3,clear sky
338,Zuenoula,CI,7.4292,-6.0431,73.09,84,83,4.25,broken clouds
339,Vila Do Maio,CV,15.1333,-23.2167,81.39,84,100,8.19,overcast clouds
340,Mayo,US,38.8876,-76.5119,98.94,67,0,8.05,clear sky
341,Mantua,IT,45.1667,10.7833,92.44,60,41,1.01,scattered clouds
342,Okhotsk,RU,59.3833,143.3,54.97,93,100,18.5,light rain
343,Zyryanka,RU,65.75,150.85,61.48,54,100,2.06,overcast clouds
344,Erdenet,MN,49.0333,104.0833,46.89,89,68,3.42,broken clouds
345,Kodino,RU,63.7198,39.6447,56.55,93,100,3.33,overcast clouds
346,San Pedro,PH,14.35,121.0167,82.31,83,40,1.14,scattered clouds
347,Ahipara,NZ,-35.1667,173.1667,60.76,95,100,22.79,light rain
348,Fort Nelson,CA,58.8053,-122.7002,72.99,27,75,6.91,broken clouds
349,Prado,BR,-17.3411,-39.2208,75.02,64,100,8.03,overcast clouds
350,Praia,CV,14.9215,-23.5087,81.14,83,20,9.22,few clouds
351,Dakar,SN,14.6937,-17.4441,77.88,78,100,6.22,overcast clouds
352,Kawalu,ID,-7.3817,108.2082,69.26,93,99,2.15,overcast clouds
353,Bathsheba,BB,13.2167,-59.5167,86.61,82,40,16.11,scattered clouds
354,Urucara,BR,-2.5364,-57.76,91.8,42,38,2.84,scattered clouds
355,Hobyo,SO,5.3505,48.5268,75.99,83,25,25.5,scattered clouds
356,Sungairaya,ID,0.7,108.9,77.76,88,88,6.13,overcast clouds
357,Maine-Soroa,NE,13.2114,12.0241,93.15,35,31,3.42,scattered clouds
358,Arklow,IE,52.7931,-6.1414,64.08,82,9,20.31,clear sky
359,Kisangani,CD,0.5167,25.2,77.36,78,75,1.59,broken clouds
360,Russell,US,32.3502,-85.1999,93.96,52,0,4.61,clear sky
361,Awbari,LY,26.5921,12.7805,88.29,19,0,7.94,clear sky
362,Tasiilaq,GL,65.6145,-37.6368,48.36,83,30,5.91,scattered clouds
363,Locri,IT,38.2414,16.2623,79.84,70,0,13.22,clear sky
364,Buala,SB,-8.145,159.5921,79.5,82,6,7.02,clear sky
365,Dongkan,CN,33.9997,119.8308,71.58,91,0,5.23,clear sky
366,Rongcheng,CN,30.634,117.8517,78.22,86,3,2.37,clear sky
367,Kambove,CD,-10.8764,26.5969,62.74,42,20,4.61,few clouds
368,Rio Bravo,MX,25.9833,-98.1,100.31,34,0,20.6,clear sky
369,Iqaluit,CA,63.7506,-68.5145,47.93,87,75,10.36,broken clouds
370,Alofi,NU,-19.0595,-169.9187,64.29,94,100,3.44,overcast clouds
371,Sterling,US,39.0062,-77.4286,99.34,47,20,12.66,few clouds
372,Taian,CN,36.1853,117.12,71.78,90,0,4.54,clear sky
373,Nongstoin,IN,25.5167,91.2667,65.79,99,100,2.17,overcast clouds
374,Egvekinot,RU,66.3167,-179.1667,36.93,72,95,7.14,overcast clouds
375,Brewster,US,41.3973,-73.6171,96.62,49,0,13.8,clear sky
376,Luderitz,NA,-26.6481,15.1594,64.13,53,4,8.68,clear sky
377,Santa Maria,BR,-29.6842,-53.8069,76.3,73,0,3.44,clear sky
378,Moree,AU,-29.4667,149.85,48.94,70,19,8.48,few clouds
379,Coxim,BR,-18.5067,-54.76,97.21,16,0,7.47,clear sky
380,Kokstad,ZA,-30.5472,29.4241,40.93,82,95,7.18,overcast clouds
381,Praia Da Vitoria,PT,38.7333,-27.0667,77.76,94,75,6.35,light rain
382,Lebyazhye,RU,55.2689,66.4947,66.33,79,100,5.84,overcast clouds
383,Port Blair,IN,11.6667,92.75,81.12,82,74,1.59,broken clouds
384,Huilong,CN,31.8111,121.655,79.93,88,10,6.53,clear sky
385,Havoysund,NO,70.9963,24.6622,50.23,84,75,9.24,broken clouds
386,Port Macquarie,AU,-31.4333,152.9167,43.9,91,6,5.48,clear sky
387,Temir,KZ,49.1414,57.13,71.92,62,38,7.63,scattered clouds
388,Aquin,HT,18.2833,-73.4,84.27,68,100,4.5,overcast clouds
389,Constitucion,CL,-35.3333,-72.4167,55.13,91,100,11.43,overcast clouds
390,Pacific Grove,US,36.6177,-121.9166,68.2,87,75,11.5,broken clouds
391,Lebanon,US,36.2081,-86.2911,96.19,60,20,9.22,few clouds
392,Lazaro Cardenas,MX,17.9583,-102.2,86.43,63,99,8.7,overcast clouds
393,Snezhnogorsk,RU,69.1933,33.2531,55.18,80,93,3.51,overcast clouds
394,Thiruvananthapuram,IN,8.4833,76.9167,78.78,83,20,6.91,mist
395,Isangel,VU,-19.55,169.2667,75.76,89,3,3.02,clear sky
396,Dera Bugti,PK,29.0307,69.151,81.68,79,95,11.54,light rain
397,Comodoro Rivadavia,AR,-45.8667,-67.5,39.06,56,0,2.3,clear sky
398,Meulaboh,ID,4.1363,96.1285,75.72,93,100,4.72,overcast clouds
399,Kimbe,PG,-5.5502,150.1429,74.98,90,10,4.81,clear sky
400,Sao Domingos Do Prata,BR,-19.865,-42.9683,77.11,45,0,7.47,clear sky
401,Krasnoselkup,RU,65.7,82.4667,53.87,96,100,21.18,light rain
402,Tilichiki,RU,60.4667,166.1,51.53,79,31,3.36,scattered clouds
403,Tyukhtet,RU,56.5389,89.3011,53.33,98,100,5.19,overcast clouds
404,Karasburg,NA,-28.0167,18.75,53.71,25,0,11.88,clear sky
405,Synya,RU,65.3718,58.0387,50.94,78,86,5.17,overcast clouds
406,Seminole,US,28.7086,-81.2081,97.41,54,0,6.91,clear sky
407,Fuling,CN,29.7022,107.3919,78.13,90,36,2.98,scattered clouds
408,Yagodnoye,RU,62.55,149.6667,57.33,79,73,2.26,broken clouds
409,Ciudad Bolivar,VE,8.1222,-63.5497,88.72,51,97,7.05,overcast clouds
410,Tacoronte,ES,28.4769,-16.4102,84.13,37,0,17.27,clear sky
411,Plettenberg Bay,ZA,-34.0527,23.3716,54.9,75,71,2.82,broken clouds
412,Henties Bay,NA,-22.116,14.2845,55.11,90,22,2.1,few clouds
413,Aksarka,RU,66.5606,67.7975,50.77,78,74,12.21,broken clouds
414,Casper,US,42.8666,-106.3131,75.79,43,20,4.61,few clouds
415,Nabire,ID,-3.3667,135.4833,75.47,92,100,3.02,overcast clouds
416,Canton,CN,23.1167,113.25,88.88,57,0,5.97,clear sky
417,Porto Novo,BJ,6.4965,2.6036,78.62,80,43,7.58,scattered clouds
418,Townsville,AU,-19.25,146.8,56.28,94,28,0.0,scattered clouds
419,Solnechnyy,RU,50.7214,136.6319,60.31,93,3,2.8,clear sky
420,Necochea,AR,-38.5473,-58.7368,48.67,88,100,9.78,overcast clouds
421,Suluq,LY,31.6682,20.2521,83.66,43,0,18.72,clear sky
422,Cervo,ES,43.6702,-7.4101,67.96,79,1,12.77,clear sky
423,Pevek,RU,69.7008,170.3133,35.28,91,38,1.81,scattered clouds
424,Nantucket,US,41.2835,-70.0995,86.11,85,75,14.97,mist
425,Mehamn,NO,71.0357,27.8492,51.71,87,52,11.88,broken clouds
426,Meaford,CA,44.6001,-80.583,79.09,88,52,16.08,broken clouds
427,Harper,LR,4.375,-7.7169,75.09,77,93,8.21,overcast clouds
428,Wajir,KE,1.7471,40.0573,80.35,41,20,25.23,few clouds
429,Chernushka,RU,56.5072,56.0766,65.98,79,24,2.84,few clouds
430,Axim,GH,4.8699,-2.2405,74.7,83,21,7.4,few clouds
431,Ahuimanu,US,21.4447,-157.8378,82.11,66,40,16.11,scattered clouds
432,Olafsvik,IS,64.8945,-23.7142,53.35,78,98,6.49,overcast clouds
433,Suntar,RU,62.1444,117.6319,67.95,94,4,5.01,clear sky
434,Yaan,NG,7.3833,8.5667,75.25,89,75,4.32,broken clouds
435,Genhe,CN,50.7833,121.5167,56.66,97,0,2.75,clear sky
436,Strezhevoy,RU,60.7333,77.5889,51.66,94,100,8.57,overcast clouds
437,Bosaso,SO,11.2842,49.1816,91.85,41,50,21.5,scattered clouds
438,Port Keats,AU,-14.25,129.55,63.48,31,17,4.32,few clouds
439,Batouri,CM,4.4333,14.3667,69.76,97,100,0.96,moderate rain
440,Tiruchchendur,IN,8.4833,78.1167,82.44,71,100,2.55,overcast clouds
441,Vostok,RU,46.4856,135.8833,58.01,96,99,1.99,overcast clouds
442,Kilakarai,IN,9.2333,78.7833,81.99,73,100,6.4,overcast clouds
443,Sakaraha,MG,-22.9,44.5333,60.24,95,6,4.72,clear sky
444,Chany,RU,55.3121,76.7647,52.75,90,32,8.41,scattered clouds
445,Datong,CN,40.0936,113.2914,70.25,57,100,3.51,overcast clouds
446,Araouane,ML,18.9048,-3.5265,95.14,35,48,10.18,scattered clouds
447,Syracuse,IT,37.0881,15.2792,87.39,59,0,4.07,clear sky
448,Lemoore,US,36.3008,-119.7829,95.02,20,0,5.75,clear sky
449,Podporozhye,RU,60.9112,34.1706,62.69,88,100,3.4,overcast clouds
450,Los Llanos De Aridane,ES,28.6585,-17.9182,74.95,73,0,11.5,clear sky
451,Inhambane,MZ,-23.865,35.3833,67.51,87,12,8.7,light rain
452,Baltay,RU,52.4652,46.6308,62.6,94,100,5.35,light rain
453,Ixtapa,MX,20.7,-105.2,87.22,79,40,11.5,scattered clouds
454,Nizwa,OM,22.9333,57.5333,88.18,50,100,1.72,overcast clouds
455,Klyuchevskiy,RU,53.5317,119.4519,64.13,76,100,2.91,overcast clouds
456,Kyra,RU,49.5776,111.9753,54.95,97,100,2.24,overcast clouds
457,Lisakovsk,KZ,52.5369,62.4936,70.65,50,40,7.29,scattered clouds
458,Bubaque,GW,11.2833,-15.8333,76.78,90,100,21.09,light rain
459,Quirinopolis,BR,-18.4483,-50.4517,87.19,23,95,3.65,overcast clouds
460,Pascagoula,US,30.3658,-88.5561,91.4,72,75,10.36,broken clouds
461,Birao,CF,10.2849,22.7882,73.67,91,23,5.19,light rain
462,Rosa Zarate,EC,0.3333,-79.4667,82.09,68,89,5.44,overcast clouds
463,Marquelia,MX,16.5833,-98.8167,86.65,67,99,6.64,overcast clouds
464,Flores,GT,16.9226,-89.8994,93.99,41,61,3.62,broken clouds
465,Cabedelo,BR,-6.9811,-34.8339,79.47,76,68,20.71,broken clouds
466,Aquiraz,BR,-3.9014,-38.3911,88.45,72,90,12.15,overcast clouds
467,South River,US,40.4465,-74.386,102.15,34,100,5.01,overcast clouds
468,Pedernales,DO,18.0384,-71.744,87.06,60,1,8.34,clear sky
469,Lorengau,PG,-2.0226,147.2712,81.57,79,92,6.55,overcast clouds
470,Pervomayskoye,RU,43.919,46.7102,73.58,44,71,6.44,broken clouds
471,Hami,CN,42.8,93.45,85.82,23,6,8.25,clear sky
472,Aitape,PG,-3.1374,142.3475,77.92,87,41,5.06,scattered clouds
473,Leh,IN,34.1667,77.5833,64.15,60,96,7.05,overcast clouds
474,Aksay,RU,47.26,39.87,72.25,51,18,5.01,few clouds
475,Turayf,SA,31.6725,38.6637,86.25,21,0,3.44,clear sky
476,Robstown,US,27.7903,-97.6689,100.74,48,0,14.97,clear sky
477,Wairoa,NZ,-39.0333,177.3667,46.54,96,100,4.03,overcast clouds
478,Pangai,TO,-19.8,-174.35,73.51,68,20,17.27,few clouds
479,Kieta,PG,-6.2167,155.6333,78.24,84,6,4.25,clear sky
480,Kargasok,RU,59.0556,80.8572,51.58,95,100,4.61,overcast clouds
481,Fairbanks,US,64.8378,-147.7164,66.22,54,0,1.01,clear sky
482,Bursa,TR,40.1667,29.0833,69.84,36,0,4.41,clear sky
483,Beloha,MG,-25.1667,45.05,63.73,82,0,3.56,clear sky
484,Honiara,SB,-9.4333,159.95,76.73,88,3,5.19,clear sky
485,Bhopal,IN,23.2667,77.4,73.63,97,100,12.55,heavy intensity rain
486,Nizhnevartovsk,RU,60.9344,76.5531,53.62,100,100,2.24,overcast clouds
487,Baherden,TM,38.4362,57.4316,90.57,32,5,8.93,clear sky
488,Walvis Bay,NA,-22.9575,14.5053,54.09,100,25,4.61,scattered clouds
489,Chumphon,TH,10.3333,98.8333,71.87,97,73,0.94,broken clouds
490,Abu Dhabi,AE,24.4667,54.3667,95.11,80,0,3.44,clear sky
491,Salihorsk,BY,52.7876,27.5415,61.0,91,2,10.69,clear sky
492,Micheweni,TZ,-4.9667,39.8333,74.25,78,10,10.76,clear sky
493,Durusu,TR,41.3053,28.6767,78.98,77,4,4.0,clear sky
494,Newala,TZ,-10.9431,39.2787,61.84,84,9,7.47,clear sky
495,Alice Springs,AU,-23.7,133.8833,53.15,62,0,4.61,clear sky
496,Lydenburg,ZA,-25.0978,30.4597,51.4,82,74,4.09,broken clouds
497,Santa Isabel Do Rio Negro,BR,-0.4139,-65.0192,82.35,87,94,1.95,overcast clouds
498,Kouroussa,GN,10.65,-9.8833,72.19,94,100,1.66,light rain
499,Singkang,MY,2.1006,102.7994,74.43,96,94,1.21,overcast clouds
500,Qabaqcol,AZ,41.72,46.2647,71.64,81,15,6.93,moderate rain
501,Bonga,ET,7.2833,36.2333,60.73,98,96,0.98,light rain
502,Mangaluru,IN,12.8667,74.8833,76.06,94,75,0.0,mist
503,Novyy Urengoy,RU,66.0833,76.6333,49.46,90,100,19.08,light rain
504,Naryan-Mar,RU,67.6713,53.087,50.36,82,100,8.95,overcast clouds
505,Lagoa,PT,39.05,-27.9833,74.07,88,0,10.94,clear sky
506,Huesca,ES,42.1362,-0.4087,95.11,39,0,11.5,clear sky
507,Shimoda,JP,34.6667,138.95,76.1,88,100,5.84,overcast clouds
508,Shangzhi,CN,45.2167,127.9667,63.97,97,100,1.61,overcast clouds
509,Arman,RU,59.7,150.1667,52.02,94,100,1.25,light rain
510,Sidi Ali,DZ,36.0998,0.4206,81.43,51,0,4.16,clear sky
511,Ponta Pora,BR,-22.5361,-55.7256,87.71,33,0,12.66,clear sky
512,Morehead,US,37.2711,-87.1764,92.98,59,40,5.75,scattered clouds
513,Tubuala,PA,9.5167,-79.0333,82.08,76,100,10.94,overcast clouds
514,Hailar,CN,49.2,119.7,60.04,93,89,8.28,overcast clouds
515,Zanesville,US,39.9404,-82.0132,91.17,65,99,5.01,overcast clouds
516,Vila Velha,BR,-20.3297,-40.2925,76.95,71,0,9.22,clear sky
517,Cosautlan,MX,19.3333,-96.9833,72.09,80,82,4.54,broken clouds
518,Juterbog,DE,51.9833,13.0833,77.38,46,59,5.77,broken clouds
519,Baykit,RU,61.67,96.37,51.96,79,12,3.65,few clouds
520,Agropoli,IT,40.3469,14.9966,80.1,86,0,1.41,clear sky
521,Ouricuri,BR,-7.8825,-40.0817,84.81,30,98,11.45,overcast clouds
522,Bocana De Paiwas,NI,12.7857,-85.1227,83.17,72,66,11.3,broken clouds
523,Levice,SK,48.2156,18.6071,70.45,40,7,7.58,clear sky
524,Santa Quiteria Do Maranhao,BR,-3.5156,-42.5467,94.69,36,100,1.23,overcast clouds
525,Nioro,GM,13.35,-15.75,80.08,77,33,7.54,scattered clouds
526,Chulym,RU,55.0997,80.9572,50.79,94,100,6.44,overcast clouds
527,Gorele,TR,41.0308,39.0031,67.28,71,1,7.27,clear sky
528,Vangaindrano,MG,-23.35,47.6,65.39,91,2,4.76,clear sky
529,Saint-Pierre,RE,-21.3393,55.4781,67.91,72,0,2.3,clear sky
530,Seymchan,RU,62.8833,152.4333,54.05,74,8,2.82,clear sky
531,Srednekolymsk,RU,67.45,153.6833,60.55,47,52,5.35,broken clouds
532,Camacupa,AO,-12.0167,17.4833,66.96,28,4,3.65,clear sky
533,Paidha,UG,2.4167,30.9855,63.97,75,49,4.59,scattered clouds
534,Yuzhno-Kurilsk,RU,44.0306,145.8556,58.6,96,49,7.87,scattered clouds
535,Lubbock,US,33.6001,-101.8338,95.25,29,0,12.66,clear sky
536,Paamiut,GL,61.994,-49.6678,43.14,89,27,4.16,scattered clouds
537,Bismarck,US,46.8083,-100.7837,75.04,40,0,11.5,clear sky
538,Neverkino,RU,52.7854,46.7417,62.62,94,100,2.64,light rain
539,Nagorsk,RU,59.3172,50.8078,67.78,78,59,4.76,broken clouds
540,Mandalgovi,MN,45.7625,106.2708,63.18,53,100,6.15,overcast clouds
541,Male,MV,4.1748,73.5089,82.35,83,75,6.91,broken clouds
542,Westport,US,41.1415,-73.3579,97.63,45,0,12.66,clear sky
543,Prince Rupert,CA,54.3161,-130.3201,59.09,96,100,26.46,moderate rain
544,Tame,CO,6.461,-71.73,85.42,60,28,3.09,scattered clouds
545,Tefe,BR,-3.3542,-64.7114,91.51,62,40,5.75,scattered clouds
546,Itaituba,BR,-4.2761,-55.9836,95.16,43,20,9.22,few clouds
547,Iquique,CL,-20.2208,-70.1431,62.64,72,0,8.01,clear sky
548,Cartagena Del Chaira,CO,1.3349,-74.8429,83.89,60,98,5.32,overcast clouds
549,Cantaura,VE,9.3057,-64.3584,91.56,36,83,6.51,broken clouds
550,Joao Camara,BR,-5.5375,-35.8197,76.19,75,98,15.95,overcast clouds
551,Trat,TH,12.5,102.5,79.92,92,100,1.41,overcast clouds
552,Esil,KZ,51.9556,66.4042,70.03,49,23,5.06,few clouds
553,Pimentel,PE,-6.8367,-79.9342,71.89,64,0,14.97,clear sky
554,Bandarbeyla,SO,9.4942,50.8122,76.44,83,100,31.18,overcast clouds
555,Liverpool,GB,53.4106,-2.9779,68.61,78,75,19.57,broken clouds
556,Mahanoro,MG,-19.9,48.8,64.72,92,13,3.58,few clouds
557,Batemans Bay,AU,-35.7167,150.1833,48.09,94,52,3.47,broken clouds
558,Banda Aceh,ID,5.5577,95.3222,76.96,88,100,6.6,overcast clouds
559,Lodja,CD,-3.4833,23.4333,75.27,69,43,1.74,scattered clouds
560,San Antonio,US,29.4241,-98.4936,102.06,38,75,12.66,broken clouds
561,Najran,SA,17.4924,44.1277,72.25,61,100,13.85,heavy intensity rain
562,Bobo Dioulasso,BF,11.1771,-4.2979,77.45,88,20,4.61,few clouds
563,Broome,US,42.2506,-75.833,92.55,51,0,12.66,clear sky
564,Qasigiannguit,GL,68.8193,-51.1922,40.23,89,100,4.27,overcast clouds
565,Sovik,NO,65.9333,12.4667,61.32,74,0,7.0,clear sky
566,Sogne,NO,58.0833,7.8167,62.46,95,100,5.99,overcast clouds
567,Sibolga,ID,1.7427,98.7792,75.63,90,91,2.55,light rain
568,Amuntai,ID,-2.4177,115.2494,72.18,92,8,1.05,clear sky
569,Mocuba,MZ,-16.8392,36.9856,63.34,92,1,2.28,clear sky
570,Plouzane,FR,48.3833,-4.6167,66.52,88,100,12.66,overcast clouds
571,Coquimbo,CL,-29.9533,-71.3436,56.93,71,75,5.75,broken clouds
572,Betioky,MG,-23.7167,44.3833,62.85,92,0,3.44,clear sky
573,Kolyvan,RU,55.3053,82.7391,53.22,91,100,8.03,overcast clouds
574,Tokur,RU,53.1333,132.9,56.26,92,1,3.24,clear sky
575,Huarmey,PE,-10.0681,-78.1522,69.49,70,5,12.57,clear sky
576,Talnakh,RU,69.4865,88.3972,58.21,80,26,14.7,scattered clouds
577,Puurmani,EE,58.5738,26.2878,64.62,98,89,5.68,overcast clouds
578,Takoradi,GH,4.8845,-1.7554,73.99,84,37,7.58,scattered clouds
579,Guerrero Negro,MX,27.9769,-114.0611,78.93,53,57,4.45,broken clouds
580,Dingle,PH,10.9995,122.6711,76.6,90,91,1.52,overcast clouds
581,Yarada,IN,17.65,83.2667,79.12,94,75,2.3,mist
582,Kurikka,FI,62.6167,22.4167,63.03,81,54,3.67,broken clouds
583,Krutinka,RU,56.0055,71.5113,55.24,90,11,7.0,few clouds
584,Taybad,IR,34.74,60.7756,86.56,26,0,20.8,clear sky
585,Sembakung,ID,3.8167,117.25,72.99,99,63,1.19,light rain
586,Dali,CN,25.7,100.1833,62.56,91,99,3.42,overcast clouds
587,Katsuura,JP,35.1333,140.3,77.4,89,95,10.38,overcast clouds
588,Novo Oriente,BR,-5.5344,-40.7742,91.2,30,80,6.33,broken clouds
589,Vallenar,CL,-28.5708,-70.7581,67.95,48,1,3.98,clear sky
590,Reserva,BR,-24.6503,-50.8506,70.02,51,94,0.74,overcast clouds
591,Brokopondo,SR,4.75,-55.1667,81.46,76,100,2.1,overcast clouds
592,Tura,IN,25.5198,90.2201,73.71,98,100,3.98,overcast clouds
593,Whyalla,AU,-33.0333,137.5833,54.43,83,44,15.77,scattered clouds
594,Fare,PF,-16.7,-151.0167,78.37,78,4,12.46,light rain
595,Ardmore,US,34.1743,-97.1436,101.86,31,40,11.5,scattered clouds
596,Atyrau,KZ,47.1167,51.8833,66.22,77,40,6.71,scattered clouds
597,Eagle Pass,US,28.7091,-100.4995,102.27,31,1,16.17,clear sky
598,Rock Sound,BS,24.9,-76.2,82.45,75,7,16.67,clear sky
599,Victoria Point,AU,-27.5833,153.3,53.91,90,3,1.01,clear sky
600,Sao Jose Da Coroa Grande,BR,-8.8978,-35.1478,75.79,70,100,11.07,overcast clouds
601,Andros Town,BS,24.7,-77.7667,82.36,67,83,15.97,broken clouds
602,Akyab,MM,20.15,92.9,80.04,83,100,4.94,light rain
603,Turan,VN,16.0678,108.2208,78.78,89,20,2.3,few clouds
604,Mutoko,ZW,-17.397,32.2268,58.98,51,18,3.58,few clouds
605,Fortuna,US,40.5982,-124.1573,62.98,72,18,7.81,few clouds
606,Frontera,MX,26.9333,-101.45,96.33,46,20,5.01,few clouds
607,Tocopilla,CL,-22.092,-70.1979,63.75,69,21,7.18,few clouds
608,Avanigadda,IN,16.0215,80.9181,78.55,80,100,5.39,overcast clouds
609,Kolyubakino,RU,55.668,36.5323,71.78,85,100,3.47,overcast clouds
610,Coro,VE,11.4045,-69.6734,85.91,63,30,22.95,scattered clouds
611,Booue,GA,-0.0921,11.9385,75.24,86,100,1.12,light rain
612,La Asuncion,VE,11.0333,-63.8628,96.53,44,8,18.41,clear sky
613,Sioux Lookout,CA,50.1001,-91.917,55.47,82,100,18.41,overcast clouds
614,Durban,ZA,-29.8579,31.0292,58.12,70,13,19.51,few clouds
615,Kutum,SD,14.2,24.6667,86.95,26,90,5.06,overcast clouds
616,Batagay,RU,67.6333,134.6333,60.78,82,5,0.38,clear sky
617,Maromitsa,RU,59.8683,48.0123,62.6,87,31,3.13,scattered clouds
618,Iwaki,JP,37.05,140.8833,74.77,95,74,1.01,broken clouds
619,Nichinan,JP,31.6,131.3667,77.34,93,87,3.69,overcast clouds
620,Uyemskiy,RU,64.4743,40.8524,60.85,87,40,4.47,scattered clouds
621,Catayauan,PH,18.1636,121.6527,75.4,93,13,3.49,few clouds
622,Horta,PT,38.5333,-28.6333,74.84,88,75,9.22,broken clouds
623,Pasighat,IN,28.0667,95.3333,76.32,92,79,2.1,broken clouds
624,Saint-Augustin,CA,51.226,-58.6502,70.45,67,99,8.88,overcast clouds
625,Hambantota,LK,6.1241,81.1185,79.47,77,100,16.93,overcast clouds
626,Mlimba,TZ,-8.8,35.8167,69.82,58,1,3.44,clear sky
627,Khandyga,RU,62.6667,135.6,60.76,85,0,2.59,clear sky
628,Hueyapan,MX,18.8667,-98.6667,71.78,56,90,2.04,overcast clouds
629,Caranavi,BO,-15.8167,-67.55,78.44,46,66,3.98,broken clouds
630,Le Port,RE,-20.9373,55.2919,68.25,76,59,3.91,broken clouds
631,Hofn,IS,64.2539,-15.2082,52.25,83,21,5.48,few clouds
632,Andenes,NO,69.3143,16.1194,52.93,87,20,16.11,few clouds
633,Christchurch,NZ,-43.5333,172.6333,41.32,100,100,5.75,overcast clouds
634,Sompeta,IN,18.9333,84.6,81.7,82,100,4.65,overcast clouds
635,Floro,NO,61.5996,5.0328,61.23,94,75,24.16,broken clouds
636,Cayenne,GF,4.9333,-52.3333,85.08,18,98,7.0,overcast clouds
637,Tezu,IN,27.9167,96.1667,75.04,93,80,2.77,broken clouds
638,Zemio,CF,5.0314,25.1361,70.56,92,91,1.41,overcast clouds
639,Magadan,RU,59.5667,150.8,51.53,87,100,3.98,overcast clouds
640,Campoverde,PE,-8.4753,-74.8058,87.49,50,91,2.19,overcast clouds
641,Itarema,BR,-2.9248,-39.9167,82.58,71,64,16.44,broken clouds
642,Marzuq,YE,14.4,46.4667,79.68,57,16,8.46,light rain
643,Merauke,ID,-8.4667,140.3333,76.37,87,92,13.15,overcast clouds
644,Ko Samui,TH,9.5357,99.9357,83.64,73,16,8.37,few clouds
645,Ostersund,SE,63.1792,14.6357,59.61,100,20,12.66,few clouds
646,Guaruja,BR,-23.9931,-46.2564,71.46,73,75,3.44,broken clouds
647,Margate,GB,51.3813,1.3862,75.87,45,99,4.0,overcast clouds
648,Bronkhorstspruit,ZA,-25.8102,28.7425,55.56,32,0,9.1,clear sky
649,Kayerkan,RU,69.3497,87.7602,57.52,82,58,18.34,broken clouds
650,Peremyshlyany,UA,49.6652,24.5585,60.8,69,0,6.31,clear sky
651,Lompoc,US,34.6391,-120.4579,80.02,72,0,11.5,clear sky
652,Salgotarjan,HU,48.0987,19.803,68.86,62,12,4.16,few clouds
653,Roebourne,AU,-20.7833,117.1333,64.4,47,0,14.09,clear sky
654,Okha,RU,53.5739,142.9478,59.25,93,100,11.36,overcast clouds
655,Bud,US,39.447,-86.1758,89.67,73,48,13.87,scattered clouds
656,Ca Mau,VN,9.1769,105.15,77.18,91,10,1.74,clear sky
657,Immokalee,US,26.4187,-81.4173,95.92,62,20,5.75,few clouds
658,Nanning,CN,22.8167,108.3167,81.05,86,0,2.73,clear sky
659,Taman,RU,45.2117,36.7161,75.38,61,55,6.73,broken clouds
660,Mbekenyera,TZ,-10.0,38.9833,66.79,77,3,3.44,clear sky
661,Iringa,TZ,-7.7667,35.7,59.09,64,0,10.36,clear sky
662,Ayan,RU,56.45,138.1667,57.79,92,100,15.05,overcast clouds
663,Bumba,CD,2.1833,22.4667,74.32,82,100,0.85,overcast clouds
664,Maralal,KE,1.0968,36.698,60.8,79,98,3.22,light rain
665,Baraboo,US,43.4711,-89.7443,82.8,62,1,1.99,clear sky
666,Taltal,CL,-25.4,-70.4833,60.73,73,9,5.44,clear sky
667,Severomuysk,RU,56.1481,113.4267,51.75,86,89,3.4,overcast clouds
668,Nuuk,GL,64.1835,-51.7216,56.01,67,75,5.75,broken clouds
669,Mayumba,GA,-3.432,10.6554,70.14,91,64,3.13,broken clouds
670,Gazanjyk,TM,39.2446,55.5154,81.21,55,44,8.1,light rain
671,Winslow,US,35.0242,-110.6974,91.58,29,40,3.44,scattered clouds
672,Salinopolis,BR,-0.6136,-47.3561,81.82,78,57,11.79,broken clouds
673,Sola,VU,-13.8833,167.55,80.26,78,19,6.29,few clouds
674,Bilma,NE,18.6853,12.9164,97.2,13,5,10.2,clear sky
675,Matveyevka,RU,52.15,56.1833,66.4,67,70,3.69,broken clouds
676,Iranshahr,IR,27.2025,60.6848,97.14,36,75,6.91,broken clouds
677,Shellbrook,CA,53.2168,-106.4011,70.83,44,73,7.36,broken clouds
678,Eyl,SO,7.9803,49.8164,77.22,77,80,23.96,broken clouds
679,Sayyan,YE,15.1718,44.3244,65.44,63,95,9.19,overcast clouds
680,Khalkhal,IR,37.6189,48.5258,57.33,86,95,6.78,light rain
681,North Bend,US,43.4065,-124.2243,74.91,91,0,23.02,clear sky
682,Anchorage,US,61.2181,-149.9003,63.64,69,75,5.75,broken clouds
683,San Cristobal,VE,7.7669,-72.225,78.98,41,100,7.74,overcast clouds
684,Redmond,US,47.674,-122.1215,82.33,59,7,5.01,clear sky
685,Kampli,IN,15.4,76.6167,76.19,78,100,13.67,overcast clouds
686,Puerto Ayacucho,VE,5.6639,-67.6236,79.83,81,100,5.37,overcast clouds
687,Anderson,US,34.5334,-82.6499,96.26,46,0,6.91,clear sky
688,Aksu,CN,41.1231,80.2644,88.86,21,99,1.07,overcast clouds
689,Kamenka,RU,51.3223,42.7678,62.67,87,54,4.74,broken clouds
690,Shakiso,ET,5.75,38.9167,58.46,82,87,1.5,overcast clouds
691,Ornskoldsvik,SE,63.2909,18.7153,59.95,82,20,4.61,few clouds
692,Red Bluff,US,40.1785,-122.2358,103.71,15,0,10.36,clear sky
693,Araguacu,BR,-12.9306,-49.8264,91.31,22,1,7.16,clear sky
694,Kumluca,TR,36.3703,30.2869,84.72,33,0,7.9,clear sky
695,Oktyabrskoye,RU,43.0645,44.7417,60.94,88,96,4.47,overcast clouds
696,Ariquemes,BR,-9.9133,-63.0408,96.8,21,54,1.1,broken clouds
697,Travesia,HN,15.8667,-87.9,91.69,73,100,8.19,overcast clouds
698,Ginir,ET,7.1333,40.7,61.47,67,72,15.05,broken clouds
699,Yinchuan,CN,38.4681,106.2731,75.24,45,2,8.05,clear sky
700,Ambilobe,MG,-13.2,49.05,68.58,75,74,3.74,broken clouds
701,Stornoway,GB,58.2093,-6.3865,59.94,97,75,4.61,light rain
702,San Joaquin,US,37.9333,-121.3011,92.52,32,0,6.91,clear sky
703,College,US,64.8569,-147.8028,66.99,51,40,3.0,scattered clouds
704,Mendi,PG,-6.1761,143.6513,52.54,97,41,2.77,scattered clouds
705,Perivolion,GR,39.4206,20.0147,87.35,68,0,8.9,clear sky
706,Samarai,PG,-10.6167,150.6667,79.5,81,97,14.58,overcast clouds
